[
  {
    "name": "Nikiforets Sofiya Sergeevna ",
    "date": "2025-05-15",
    "time": "18:21",
    "guests": "6",
    "table": "T8"
  },
  {
    "name": "Nikiforets Sofiya Sergeevna ",
    "date": "2025-05-19",
    "time": "10:24",
    "guests": "6",
    "table": "T9"
  },
  {
    "name": "Nikiforets Sofiya Sergeevna ",
    "date": "2025-05-26",
    "time": "12:25",
    "guests": "7",
    "table": "T9"
  },
  {
    "name": "Nikiforets Sofiya Sergeevna ",
    "date": "2025-05-29",
    "time": "19:23",
    "guests": "7",
    "table": "T9"
  },
  {
    "name": "Nikiforets Sofiya Sergeevna ",
    "date": "2025-05-19",
    "time": "10:56",
    "guests": "6",
    "table": "T9"
  },
  {
    "name": "Nikiforets Sofiya Sergeevna ",
    "date": "2025-05-22",
    "time": "13:00",
    "guests": "6",
    "table": "T8"
  },
  {
    "name": "Nikiforets Sofiya Sergeevna ",
    "date": "2025-05-22",
    "time": "15:00",
    "guests": "6",
    "table": "T8"
  },
  {
    "name": "Nikiforets Sofiya Sergeevna ",
    "date": "2025-05-21",
    "time": "17:00",
    "guests": "7",
    "table": "T9"
  },
  {
    "name": "Nikiforets Sofiya Sergeevna ",
    "date": "2025-05-22",
    "time": "09:00",
    "guests": "4",
    "table": "T1"
  },
  {
    "name": "Nikiforets Sofiya Sergeevna ",
    "date": "2025-05-22",
    "time": "16:00",
    "guests": "3",
    "table": "T4"
  },
  {
    "name": "Gregor",
    "date": "2025-05-17",
    "time": "21:00",
    "guests": "3",
    "table": "T4"
  },
  {
    "name": "Gregor",
    "date": "2025-05-22",
    "time": "13:00",
    "guests": "7",
    "table": "T10"
  },
  {
    "name": "Gregor",
    "date": "2025-06-18",
    "time": "19:00",
    "guests": "7",
    "table": "T9"
  },
  {
    "name": "Nikiforets Sofiya Sergeevna ",
    "date": "2025-05-29",
    "time": "09:00",
    "guests": "5",
    "table": "T1"
  },
  {
    "name": "Nikiforets Sofiya Sergeevna ",
    "date": "2025-05-30",
    "time": "12:00",
    "guests": "5",
    "table": "T8"
  },
  {
    "name": "Gregor",
    "date": "2025-06-11",
    "time": "12:00",
    "guests": "6",
    "table": "T8"
  },
  {
    "name": "Nikiforets Sofiya Sergeevna ",
    "date": "2025-06-06",
    "time": "13:00",
    "guests": "6",
    "table": "T8"
  },
  {
    "name": "Nikiforets Sofiya Sergeevna ",
    "date": "2025-06-11",
    "time": "14:00",
    "guests": "6",
    "table": "T8"
  },
  {
    "name": "Nikiforets Sofiya Sergeevna ",
    "date": "2025-05-22",
    "time": "18:00",
    "guests": "5",
    "table": "T8"
  },
  {
    "name": "Gregor",
    "date": "2025-05-30",
    "time": "15:00",
    "guests": "6",
    "table": "T8"
  },
  {
    "name": "Gregor",
    "date": "2025-05-23",
    "time": "09:00",
    "guests": "6",
    "table": "T8"
  }
]